keyword,Lĩnh vực,violation_level
nhà cái,Cờ bạc,1
soi kèo,Cờ bạc,1
tỷ lệ kèo,Cờ bạc,1
đặt cược,Cờ bạc,1
đánh bài,Cờ bạc,1
tá lả,Cờ bạc,1
tài xỉu,Cờ bạc,1
sâm lốc,Cờ bạc,1
poker,Cờ bạc,1
cá độ,Cờ bạc,1
cá cược,Cờ bạc,1
casino,Cờ bạc,1
rich game,Cờ bạc,1
blackjack,Cờ bạc,1
baccarat,Cờ bạc,1
bull bull,Cờ bạc,1
jackspot,Cờ bạc,1
slot game,Cờ bạc,1
game bài,Cờ bạc,1
sòng bạc ,Cờ bạc,1
sòng bài,Cờ bạc,1
nổ hũ,Cờ bạc,1
đá gà,Cờ bạc,1
sòng bạc,Cờ bạc,1
đánh bạc,Cờ bạc,1
xì dách,Cờ bạc,1
phỏm,Cờ bạc,1
liêng,Cờ bạc,1
ba cây,Cờ bạc,1
mậu binh,Cờ bạc,1
xóc đĩa,Cờ bạc,1
binh xập xám,Cờ bạc,1
lô đề,Cờ bạc,1
đánh lô,Cờ bạc,1
đánh đề,Cờ bạc,1
soi cầu,Cờ bạc,1
dự đoán xổ số,Cờ bạc,1
kết quả xổ số,Cờ bạc,1
casino online,Cờ bạc,1
game đổi thưởng,Cờ bạc,1
cổng game đổi thưởng,Cờ bạc,1
rút tiền game bài,Cờ bạc,1
nạp tiền game bài,Cờ bạc,1
vòng quay may mắn,Cờ bạc,1
quay hũ,Cờ bạc,1
bắn cá đổi thưởng,Cờ bạc,1
đại lý cá cược,Cờ bạc,1
kèo nhà cái,Cờ bạc,1
tỷ số trực tiếp,Cờ bạc,1
cá độ bóng đá,Cờ bạc,1
cá độ thể thao,Cờ bạc,1
cược thể thao,Cờ bạc,1
thực phẩm chức năng,y tế và thực phẩm chức năng,0
thực phẩm bảo vệ sức khỏe,y tế và thực phẩm chức năng,0
thay thế thuốc chữa bệnh,y tế và thực phẩm chức năng,0
thuốc chữa bệnh,y tế và thực phẩm chức năng,0
mỹ phẩm,y tế và thực phẩm chức năng,0
điều trị bệnh,y tế và thực phẩm chức năng,0
thuốc kê đơn,y tế và thực phẩm chức năng,0
quầy thuốc,y tế và thực phẩm chức năng,0
bán thuốc,y tế và thực phẩm chức năng,0
nhà thuốc,y tế và thực phẩm chức năng,0
thư viện thuốc,y tế và thực phẩm chức năng,0
nhà thuốc,y tế và thực phẩm chức năng,0
hiệu thuốc,y tế và thực phẩm chức năng,0
thuốc ngoại,y tế và thực phẩm chức năng,0
thuốc giảm cân,y tế và thực phẩm chức năng,0
trà giảm cân,y tế và thực phẩm chức năng,0
xương khớp,y tế và thực phẩm chức năng,0
viêm khớp,y tế và thực phẩm chức năng,0
đau lưng,y tế và thực phẩm chức năng,0
thoái hóa,y tế và thực phẩm chức năng,0
dạ dày,y tế và thực phẩm chức năng,0
thuốc trĩ,y tế và thực phẩm chức năng,0
thuốc tăng cân,y tế và thực phẩm chức năng,0
tăng cường sinh lý,y tế và thực phẩm chức năng,0
điều trị ung thư,y tế và thực phẩm chức năng,0
xương khớp,y tế và thực phẩm chức năng,0
xuất tinh sớm,y tế và thực phẩm chức năng,0
thuốc nam,y tế và thực phẩm chức năng,0
thuốc đông y,y tế và thực phẩm chức năng,0
bài thuốc gia truyền,y tế và thực phẩm chức năng,0
thực phẩm bổ sung,y tế và thực phẩm chức năng,0
vitamin tổng hợp,y tế và thực phẩm chức năng,0
collagen,y tế và thực phẩm chức năng,0
thải độc gan,y tế và thực phẩm chức năng,0
giải độc gan,y tế và thực phẩm chức năng,0
tăng cường miễn dịch,y tế và thực phẩm chức năng,0
hỗ trợ tiêu hóa,y tế và thực phẩm chức năng,0
trị mất ngủ,y tế và thực phẩm chức năng,0
trị rụng tóc,y tế và thực phẩm chức năng,0
mọc tóc nhanh,y tế và thực phẩm chức năng,0
trị nám da,y tế và thực phẩm chức năng,0
trị mụn,y tế và thực phẩm chức năng,0
làm trắng da,y tế và thực phẩm chức năng,0
kem trộn,y tế và thực phẩm chức năng,0
thuốc cường dương,y tế và thực phẩm chức năng,0
kéo dài thời gian quan hệ,y tế và thực phẩm chức năng,0
tăng kích thước,y tế và thực phẩm chức năng,0
thuốc trị tiểu đường,y tế và thực phẩm chức năng,0
thuốc hạ huyết áp,y tế và thực phẩm chức năng,0
thuốc trị gout,y tế và thực phẩm chức năng,0
phòng khám đông y,y tế và thực phẩm chức năng,0
bác sĩ gia đình,y tế và thực phẩm chức năng,0
tư vấn sức khỏe online,y tế và thực phẩm chức năng,0
khám bệnh online,y tế và thực phẩm chức năng,0
đặt lịch khám,y tế và thực phẩm chức năng,0
bệnh viện quốc tế,y tế và thực phẩm chức năng,0
thuốc không rõ nguồn gốc,y tế và thực phẩm chức năng,0
porn,Khiêu dâm,1
phim sex,Khiêu dâm,1
clip sex,Khiêu dâm,1
sex movie,Khiêu dâm,1
xvideo,Khiêu dâm,1
tube video,Khiêu dâm,1
phim heo,Khiêu dâm,1
phim con heo,Khiêu dâm,1
không che,Khiêu dâm,0
hentai,Khiêu dâm,1
bdsm,Khiêu dâm,1
One night,Khiêu dâm,1
One-night,Khiêu dâm,1
fwb,Khiêu dâm,1
sextoy,Khiêu dâm,1
đồ chơi người lớn,Khiêu dâm,1
tình dục,Khiêu dâm,1
mại dâm,Khiêu dâm,1
gái gọi,Khiêu dâm,1
gai goi,Khiêu dâm,1
địt,Khiêu dâm,1
đụ ,Khiêu dâm,1
lồn ,Khiêu dâm,1
bướm,Khiêu dâm,1
vú,Khiêu dâm,1
cặc,Khiêu dâm,1
buồi,Khiêu dâm,1
gái ngành,Khiêu dâm,1
con hàng,Khiêu dâm,1
em hàng,Khiêu dâm,1
máy bay bà già,Khiêu dâm,1
mbbg,Khiêu dâm,1
cave,Khiêu dâm,1
cockold,Khiêu dâm,1
chơi some,Khiêu dâm,1
buổi some,Khiêu dâm,1
thủ dâm,Khiêu dâm,1
tự sướng,Khiêu dâm,1
sgbb,Khiêu dâm,1
sgdd,Khiêu dâm,1
tinder,Khiêu dâm,1
sugarbaby,Khiêu dâm,1
sugar baby,Khiêu dâm,1
sugardaddy,Khiêu dâm,1
sugar daddy,Khiêu dâm,1
Bạo dâm,Khiêu dâm,1
khổ dâm,Khiêu dâm,1
khiêu dâm,Khiêu dâm,1
khỏa thân,Khiêu dâm,1
đồ chơi tình dục,Khiêu dâm,1
phim 18+,Khiêu dâm,1
tình 1 đêm,Khiêu dâm,1
tình một đêm,Khiêu dâm,1
xxx,Khiêu dâm,1
phòng the,Khiêu dâm,1
xuất tinh sớm,Khiêu dâm,1
jav,Khiêu dâm,1
phim cấp 3,Khiêu dâm,1
phim 3x,Khiêu dâm,1
phim sex việt,Khiêu dâm,1
ảnh nóng,Khiêu dâm,1
video nhạy cảm,Khiêu dâm,1
lộ clip,Khiêu dâm,1
clip nóng,Khiêu dâm,1
webcam sex,Khiêu dâm,1
live sex,Khiêu dâm,1
chat sex,Khiêu dâm,1
massage kích dục,Khiêu dâm,1
kích dục,Khiêu dâm,1
swing,Khiêu dâm,1
đổi vợ đổi chồng,Khiêu dâm,1
group sex,Khiêu dâm,1
milf,Khiêu dâm,1
gái bao,Khiêu dâm,1
trai bao,Khiêu dâm,1
gái bán hoa,Khiêu dâm,1
bán dâm,Khiêu dâm,1
môi giới mại dâm,Khiêu dâm,1
đường dây mại dâm,Khiêu dâm,1
đi khách,Khiêu dâm,1
boom phòng,Khiêu dâm,1
loạn luân,Khiêu dâm,1
ấu dâm,Khiêu dâm,1
khiêu dâm trẻ em,Khiêu dâm,1
xâm hại trẻ em,Khiêu dâm,1
child porn,Khiêu dâm,1
trường,Giáo dục,0
thcs,Giáo dục,0
ptth,Giáo dục,0
thpt,Giáo dục,0
trung học cơ sở,Giáo dục,0
trung học phổ thông,Giáo dục,0
phổ thông trung học,Giáo dục,0
tiểu học,Giáo dục,0
cấp 2,Giáo dục,0
cấp 3,Giáo dục,0
cấp 1,Giáo dục,0
trung cấp,Giáo dục,0
đại học ,Giáo dục,0
cao đẳng,Giáo dục,0
dạy nghề,Giáo dục,0
phòng giáo dục,Giáo dục,0
giáo dục thường xuyên,Giáo dục,0
trung tâm,Giáo dục,0
sở giáo dục,Giáo dục,0
giáo dục đào tạo,Giáo dục,0
trường mầm non,Giáo dục,0
trường quốc tế,Giáo dục,0
trường dân lập,Giáo dục,0
trường công lập,Giáo dục,0
trường tư thục,Giáo dục,0
trung tâm ngoại ngữ,Giáo dục,0
trung tâm gia sư,Giáo dục,0
luyện thi đại học,Giáo dục,0
ôn thi thpt quốc gia,Giáo dục,0
tuyển sinh,Giáo dục,0
học bổng,Giáo dục,0
du học,Giáo dục,0
chứng chỉ ielts,Giáo dục,0
chứng chỉ toefl,Giáo dục,0
đào tạo nghề,Giáo dục,0
giáo dục mầm non,Giáo dục,0
giáo dục đặc biệt,Giáo dục,0
trường nội trú,Giáo dục,0
trường chuyên,Giáo dục,0
lớp học thêm,Giáo dục,0
dạy thêm học thêm,Giáo dục,0
sách giáo khoa,Giáo dục,0
giáo trình,Giáo dục,0
thi tốt nghiệp,Giáo dục,0
kỳ thi tuyển sinh,Giáo dục,0
trường liên kết quốc tế,Giáo dục,0
hệ thống giáo dục,Giáo dục,0
bộ giáo dục,Giáo dục,0
sở giáo dục và đào tạo,Giáo dục,0
phòng giáo dục và đào tạo,Giáo dục,0
báo điện tử,Báo chí,0
thời sự,Báo chí,0
pháp luật,Báo chí,0
văn hóa,Báo chí,0
giải trí,Báo chí,0
trang thông tin điện tử,Báo chí,0
chuyên mục,Báo chí,0
thời báo,Báo chí,0
thông tấn xã,Báo chí,0
tình yêu - giới tính,Báo chí,0
đời sống xã hội,Báo chí,0
Tin tức ,Báo chí,0
tin nhanh,Báo chí,0
tin nóng,Báo chí,0
drama,Báo chí,0
tin hot,Báo chí,0
tin hay,Báo chí,0
tin mới,Báo chí,0
tin tiêu điểm,Báo chí,0
tin thế giới,Báo chí,0
cập nhật 24h,Báo chí,0
tin việt nam,Báo chí,0
tin 24h,Báo chí,0
tin online,Báo chí,0
tin xã hội,Báo chí,0
tin pháp luật,Báo chí,0
tin thị trường,Báo chí,0
tin tổng hợp,Báo chí,0
tin nóng 24h,Báo chí,0
tin ngày mới,Báo chí,0
cập nhập tin nóng,Báo chí,0
điểm tin,Báo chí,0
hot news,Báo chí,0
hot trend,Báo chí,0
nóng nhất,Báo chí,0
hot nhất,Báo chí,0
nóng hổi,Báo chí,0
sự kiện nóng,Báo chí,0
chạy thử nghiệm chờ cấp phép,Báo chí,0
chạy thử nghiệm và chờ cấp phép,Báo chí,0
chạy thử nghiệm chờ xin giấy phép,Báo chí,0
chạy thử nghiệm,Báo chí,0
Hóng biến,Báo chí,0
Tâm điểm,Báo chí,0
tạp chí điện tử,Báo chí,0
trang tin tổng hợp,Báo chí,0
cổng thông tin điện tử,Báo chí,0
bản tin,Báo chí,0
thông cáo báo chí,Báo chí,0
phóng sự,Báo chí,0
ký sự,Báo chí,0
bình luận thời sự,Báo chí,0
xã luận,Báo chí,0
phỏng vấn độc quyền,Báo chí,0
tin quốc tế,Báo chí,0
tin trong nước,Báo chí,0
tin kinh tế,Báo chí,0
tin thể thao,Báo chí,0
tin showbiz,Báo chí,0
soi sao,Báo chí,0
tin sao việt,Báo chí,0
tin hậu trường,Báo chí,0
tin chọn lọc,Báo chí,0
chuyên trang,Báo chí,0
tin tức tổng hợp,Báo chí,0
tin vắn,Báo chí,0
tin độc quyền,Báo chí,0
tin chính thống,Báo chí,0
biên tập viên,Báo chí,0
ban biên tập,Báo chí,0
cộng tác viên báo chí,Báo chí,0
đăng tải nội dung,Báo chí,0
trang tin điện tử tổng hợp,Báo chí,0
tự ý đăng tải,Báo chí,0
chuyển tiền và nhận tiền,"Tài chính, ngân hàng, TMĐT",0
nhận tiền từ nước ngoài,"Tài chính, ngân hàng, TMĐT",0
đăng nhập internet banking,"Tài chính, ngân hàng, TMĐT",0
đăng nhập tài khoản internet banking,"Tài chính, ngân hàng, TMĐT",0
tài khoản mobile banking,"Tài chính, ngân hàng, TMĐT",0
liên kết nhận quà,"Tài chính, ngân hàng, TMĐT",0
nhận quà tặng,"Tài chính, ngân hàng, TMĐT",0
quà tặng shopee,"Tài chính, ngân hàng, TMĐT",0
quà tặng lazada,"Tài chính, ngân hàng, TMĐT",0
Nhận Tiền Western Union Trực Tuyến,"Tài chính, ngân hàng, TMĐT",0
nhận tiền banking,"Tài chính, ngân hàng, TMĐT",0
vay theo lương,"Tài chính, ngân hàng, TMĐT",0
thế chấp ô tô,"Tài chính, ngân hàng, TMĐT",0
thế chấp nhà,"Tài chính, ngân hàng, TMĐT",0
ưu đãi thẻ,"Tài chính, ngân hàng, TMĐT",0
cầm đồ,"Tài chính, ngân hàng, TMĐT",0
tín dụng,"Tài chính, ngân hàng, TMĐT",0
tư vấn tín dụng,"Tài chính, ngân hàng, TMĐT",0
đáo hạn thẻ tín dụng,"Tài chính, ngân hàng, TMĐT",0
tín dụng đen,"Tài chính, ngân hàng, TMĐT",0
lãi suất ngân hàng,"Tài chính, ngân hàng, TMĐT",0
tín chấp,"Tài chính, ngân hàng, TMĐT",0
thẻ ngân hàng,"Tài chính, ngân hàng, TMĐT",0
tài khoản ngân hàng,"Tài chính, ngân hàng, TMĐT",0
hóa đơn điện tử,"Tài chính, ngân hàng, TMĐT",0
sao kê trực tuyến,"Tài chính, ngân hàng, TMĐT",0
vay vốn,"Tài chính, ngân hàng, TMĐT",0
ngoại hối,"Tài chính, ngân hàng, TMĐT",0
ngoại tệ,"Tài chính, ngân hàng, TMĐT",0
lãi suất,"Tài chính, ngân hàng, TMĐT",0
bán hàng online,"Tài chính, ngân hàng, TMĐT",0
mua sắm online,"Tài chính, ngân hàng, TMĐT",0
mua bán trực tuyến,"Tài chính, ngân hàng, TMĐT",0
quà tặng,"Tài chính, ngân hàng, TMĐT",0
giảm giá,"Tài chính, ngân hàng, TMĐT",0
siêu khuyến mại,"Tài chính, ngân hàng, TMĐT",0
hỗ trợ chứng minh thu nhập,"Tài chính, ngân hàng, TMĐT",0
vay ngân hàng,"Tài chính, ngân hàng, TMĐT",0
hỗ trợ lãi suất mùa dịch ,"Tài chính, ngân hàng, TMĐT",0
vay tiền online,"Tài chính, ngân hàng, TMĐT",0
đăng ký khoản vay,"Tài chính, ngân hàng, TMĐT",0
vay tiêu dùng,"Tài chính, ngân hàng, TMĐT",0
vay tiền 24h,"Tài chính, ngân hàng, TMĐT",0
hoàn tất nhận tiền,"Tài chính, ngân hàng, TMĐT",0
ngân hàng điện tử,"Tài chính, ngân hàng, TMĐT",0
xác nhận giao dịch,"Tài chính, ngân hàng, TMĐT",0
hình thức vay,"Tài chính, ngân hàng, TMĐT",0
số chứng minh nhân dân,"Tài chính, ngân hàng, TMĐT",0
nhận thưởng shopee,"Tài chính, ngân hàng, TMĐT",0
giao dịch ngân hàng,"Tài chính, ngân hàng, TMĐT",0
thẻ tín dụng ngân hàng,"Tài chính, ngân hàng, TMĐT",0
rút tiền,"Tài chính, ngân hàng, TMĐT",0
giao dịch 24h,"Tài chính, ngân hàng, TMĐT",0
rút tiền nhanh,"Tài chính, ngân hàng, TMĐT",0
thủ tục nhận tiền,"Tài chính, ngân hàng, TMĐT",0
ví điện tử,"Tài chính, ngân hàng, TMĐT",0
quà tặng tiki,"Tài chính, ngân hàng, TMĐT",0
vay online,"Tài chính, ngân hàng, TMĐT",0
vay nhanh,"Tài chính, ngân hàng, TMĐT",0
app vay,"Tài chính, ngân hàng, TMĐT",0
vay tín chấp,"Tài chính, ngân hàng, TMĐT",0
vay thế chấp ,"Tài chính, ngân hàng, TMĐT",0
vay trả góp,"Tài chính, ngân hàng, TMĐT",0
vay tiền,"Tài chính, ngân hàng, TMĐT",0
vay tiêu dùng,"Tài chính, ngân hàng, TMĐT",0
vay nóng,"Tài chính, ngân hàng, TMĐT",0
vay lãi,"Tài chính, ngân hàng, TMĐT",0
vay thấu chi,"Tài chính, ngân hàng, TMĐT",0
vay tiền nhanh,"Tài chính, ngân hàng, TMĐT",0
vay vốn,"Tài chính, ngân hàng, TMĐT",0
vay không cần chứng minh thu nhập,"Tài chính, ngân hàng, TMĐT",0
vay tiền nhanh trong ngày,"Tài chính, ngân hàng, TMĐT",0
duyệt vay online,"Tài chính, ngân hàng, TMĐT",0
giải ngân trong 30 phút,"Tài chính, ngân hàng, TMĐT",0
vay ngang hàng,"Tài chính, ngân hàng, TMĐT",0
ứng tiền nhanh,"Tài chính, ngân hàng, TMĐT",0
thẻ tín dụng giả,"Tài chính, ngân hàng, TMĐT",0
đầu tư forex,"Tài chính, ngân hàng, TMĐT",0
đầu tư tiền ảo,"Tài chính, ngân hàng, TMĐT",0
đầu tư crypto,"Tài chính, ngân hàng, TMĐT",0
sàn giao dịch ngoại hối,"Tài chính, ngân hàng, TMĐT",0
lừa đảo qua mạng,"Tài chính, ngân hàng, TMĐT",0
lừa đảo chuyển khoản,"Tài chính, ngân hàng, TMĐT",0
mạo danh ngân hàng,"Tài chính, ngân hàng, TMĐT",0
mã otp ngân hàng,"Tài chính, ngân hàng, TMĐT",0
đánh cắp thông tin thẻ,"Tài chính, ngân hàng, TMĐT",0
thẻ visa,"Tài chính, ngân hàng, TMĐT",0
thẻ mastercard,"Tài chính, ngân hàng, TMĐT",0
chuyển khoản nhanh 24/7,"Tài chính, ngân hàng, TMĐT",0
tài khoản thanh toán,"Tài chính, ngân hàng, TMĐT",0
ngân hàng số,"Tài chính, ngân hàng, TMĐT",0
ví momo,"Tài chính, ngân hàng, TMĐT",0
ví zalopay,"Tài chính, ngân hàng, TMĐT",0
ví viettelpay,"Tài chính, ngân hàng, TMĐT",0
tiết kiệm online,"Tài chính, ngân hàng, TMĐT",0
gửi tiết kiệm,"Tài chính, ngân hàng, TMĐT",0
bảo hiểm khoản vay,"Tài chính, ngân hàng, TMĐT",0
mua trả góp 0%,"Tài chính, ngân hàng, TMĐT",0
thẻ trả góp,"Tài chính, ngân hàng, TMĐT",0
hỗ trợ tài chính,"Tài chính, ngân hàng, TMĐT",0
công ty tài chính,"Tài chính, ngân hàng, TMĐT",0
tổ chức tín dụng đen,"Tài chính, ngân hàng, TMĐT",0
vay đáo hạn,"Tài chính, ngân hàng, TMĐT",0
vay không thế chấp,"Tài chính, ngân hàng, TMĐT",0
vay sinh viên,"Tài chính, ngân hàng, TMĐT",0